{
  "project_info": {
    "project_number": "972892523279",
    "firebase_url": "https://myrt-3dcc5.firebaseio.com",
    "project_id": "myrt-3dcc5",
    "storage_bucket": "myrt-3dcc5.appspot.com"
  },
  "client": [
    {
      "client_info": {
        "mobilesdk_app_id": "1:972892523279:android:2f5c2b66ff040745",
        "android_client_info": {
          "package_name": "com.rtfx.myrt"
        }
      },
      "oauth_client": [
        {
          "client_id": "972892523279-uno7724qn34dvl4fd6j3erc3undcs5od.apps.googleusercontent.com",
          "client_type": 3
        }
      ],
      "api_key": [
        {
          "current_key": "AIzaSyB4EfLMfeRHP8_zxfTifPa7oPMfk-JSKZw"
        }
      ],
      "services": {
        "analytics_service": {
          "status": 1
        },
        "appinvite_service": {
          "status": 1,
          "other_platform_oauth_client": []
        },
        "ads_service": {
          "status": 2
        }
      }
    }
  ],
  "configuration_version": "1"
}